<databaseChangeLog xmlns="http://www.liquibase.org/xml/ns/dbchangelog"
                   xmlns:xsi="http://www.w3.org/2001/XMLSchema-instance"
                   xsi:schemaLocation="http://www.liquibase.org/xml/ns/dbchangelog
                   http://www.liquibase.org/xml/ns/dbchangelog/dbchangelog-4.21.xsd">

    <changeSet id="001-create-tables" author="dev">
        <createTable tableName="users">
            <column name="id" type="INT" autoIncrement="true">
                <constraints primaryKey="true" nullable="false"/>
            </column>
            <column name="username" type="VARCHAR(50)">
                <constraints nullable="false" unique="true"/>
            </column>
            <column name="email" type="VARCHAR(100)"/>
            <column name="created_at" type="DATETIME" defaultValueComputed="CURRENT_TIMESTAMP"/>
        </createTable>

        <createTable tableName="orders">
            <column name="order_id" type="INT" autoIncrement="true">
                <constraints primaryKey="true" nullable="false"/>
            </column>
            <column name="user_id" type="INT"/>
            <column name="product" type="VARCHAR(100)"/>
            <column name="quantity" type="INT"/>
            <column name="created_at" type="DATETIME" defaultValueComputed="CURRENT_TIMESTAMP"/>
        </createTable>

        <rollback>
            <dropTable tableName="orders"/>
            <dropTable tableName="users"/>
        </rollback>
    </changeSet>
</databaseChangeLog>
