<databaseChangeLog xmlns="http://www.liquibase.org/xml/ns/dbchangelog"
                   xmlns:xsi="http://www.w3.org/2001/XMLSchema-instance"
                   xsi:schemaLocation="http://www.liquibase.org/xml/ns/dbchangelog
                   http://www.liquibase.org/xml/ns/dbchangelog/dbchangelog-4.21.xsd">

    <changeSet id="004-add-age-column" author="dev">
        <addColumn tableName="users">
            <column name="age" type="INT"/>
        </addColumn>

        <rollback>
            <dropColumn tableName="users" columnName="age"/>
        </rollback>
    </changeSet>
</databaseChangeLog>
