<databaseChangeLog xmlns="http://www.liquibase.org/xml/ns/dbchangelog"
                   xmlns:xsi="http://www.w3.org/2001/XMLSchema-instance"
                   xsi:schemaLocation="http://www.liquibase.org/xml/ns/dbchangelog
                   http://www.liquibase.org/xml/ns/dbchangelog/dbchangelog-4.21.xsd">

    <changeSet id="005-update-user-email" author="dev">
        <update tableName="users">
            <column name="email" value="admin@newdomain.com"/>
            <where>username='admin'</where>
        </update>

        <rollback>
            <update tableName="users">
                <column name="email" value="admin@example.com"/>
                <where>username='admin'</where>
            </update>
        </rollback>
    </changeSet>
</databaseChangeLog>
